[{"model": "auth.permission", "pk": 1, "fields": {"name": "Can add log entry", "content_type": 1, "codename": "add_logentry"}}, {"model": "auth.permission", "pk": 2, "fields": {"name": "Can change log entry", "content_type": 1, "codename": "change_logentry"}}, {"model": "auth.permission", "pk": 3, "fields": {"name": "Can delete log entry", "content_type": 1, "codename": "delete_logentry"}}, {"model": "auth.permission", "pk": 4, "fields": {"name": "Can view log entry", "content_type": 1, "codename": "view_logentry"}}, {"model": "auth.permission", "pk": 5, "fields": {"name": "Can add permission", "content_type": 2, "codename": "add_permission"}}, {"model": "auth.permission", "pk": 6, "fields": {"name": "Can change permission", "content_type": 2, "codename": "change_permission"}}, {"model": "auth.permission", "pk": 7, "fields": {"name": "Can delete permission", "content_type": 2, "codename": "delete_permission"}}, {"model": "auth.permission", "pk": 8, "fields": {"name": "Can view permission", "content_type": 2, "codename": "view_permission"}}, {"model": "auth.permission", "pk": 9, "fields": {"name": "Can add group", "content_type": 3, "codename": "add_group"}}, {"model": "auth.permission", "pk": 10, "fields": {"name": "Can change group", "content_type": 3, "codename": "change_group"}}, {"model": "auth.permission", "pk": 11, "fields": {"name": "Can delete group", "content_type": 3, "codename": "delete_group"}}, {"model": "auth.permission", "pk": 12, "fields": {"name": "Can view group", "content_type": 3, "codename": "view_group"}}, {"model": "auth.permission", "pk": 13, "fields": {"name": "Can add content type", "content_type": 4, "codename": "add_contenttype"}}, {"model": "auth.permission", "pk": 14, "fields": {"name": "Can change content type", "content_type": 4, "codename": "change_contenttype"}}, {"model": "auth.permission", "pk": 15, "fields": {"name": "Can delete content type", "content_type": 4, "codename": "delete_contenttype"}}, {"model": "auth.permission", "pk": 16, "fields": {"name": "Can view content type", "content_type": 4, "codename": "view_contenttype"}}, {"model": "auth.permission", "pk": 17, "fields": {"name": "Can add session", "content_type": 5, "codename": "add_session"}}, {"model": "auth.permission", "pk": 18, "fields": {"name": "Can change session", "content_type": 5, "codename": "change_session"}}, {"model": "auth.permission", "pk": 19, "fields": {"name": "Can delete session", "content_type": 5, "codename": "delete_session"}}, {"model": "auth.permission", "pk": 20, "fields": {"name": "Can view session", "content_type": 5, "codename": "view_session"}}, {"model": "auth.permission", "pk": 21, "fields": {"name": "Can add user", "content_type": 6, "codename": "add_user"}}, {"model": "auth.permission", "pk": 22, "fields": {"name": "Can change user", "content_type": 6, "codename": "change_user"}}, {"model": "auth.permission", "pk": 23, "fields": {"name": "Can delete user", "content_type": 6, "codename": "delete_user"}}, {"model": "auth.permission", "pk": 24, "fields": {"name": "Can view user", "content_type": 6, "codename": "view_user"}}, {"model": "auth.permission", "pk": 25, "fields": {"name": "Can add branch", "content_type": 7, "codename": "add_branch"}}, {"model": "auth.permission", "pk": 26, "fields": {"name": "Can change branch", "content_type": 7, "codename": "change_branch"}}, {"model": "auth.permission", "pk": 27, "fields": {"name": "Can delete branch", "content_type": 7, "codename": "delete_branch"}}, {"model": "auth.permission", "pk": 28, "fields": {"name": "Can view branch", "content_type": 7, "codename": "view_branch"}}, {"model": "auth.permission", "pk": 29, "fields": {"name": "Can add label", "content_type": 8, "codename": "add_label"}}, {"model": "auth.permission", "pk": 30, "fields": {"name": "Can change label", "content_type": 8, "codename": "change_label"}}, {"model": "auth.permission", "pk": 31, "fields": {"name": "Can delete label", "content_type": 8, "codename": "delete_label"}}, {"model": "auth.permission", "pk": 32, "fields": {"name": "Can view label", "content_type": 8, "codename": "view_label"}}, {"model": "auth.permission", "pk": 33, "fields": {"name": "Can add milestone", "content_type": 9, "codename": "add_milestone"}}, {"model": "auth.permission", "pk": 34, "fields": {"name": "Can change milestone", "content_type": 9, "codename": "change_milestone"}}, {"model": "auth.permission", "pk": 35, "fields": {"name": "Can delete milestone", "content_type": 9, "codename": "delete_milestone"}}, {"model": "auth.permission", "pk": 36, "fields": {"name": "Can view milestone", "content_type": 9, "codename": "view_milestone"}}, {"model": "auth.permission", "pk": 37, "fields": {"name": "Can add repository", "content_type": 10, "codename": "add_repository"}}, {"model": "auth.permission", "pk": 38, "fields": {"name": "Can change repository", "content_type": 10, "codename": "change_repository"}}, {"model": "auth.permission", "pk": 39, "fields": {"name": "Can delete repository", "content_type": 10, "codename": "delete_repository"}}, {"model": "auth.permission", "pk": 40, "fields": {"name": "Can view repository", "content_type": 10, "codename": "view_repository"}}, {"model": "auth.permission", "pk": 41, "fields": {"name": "Can add wiki", "content_type": 11, "codename": "add_wiki"}}, {"model": "auth.permission", "pk": 42, "fields": {"name": "Can change wiki", "content_type": 11, "codename": "change_wiki"}}, {"model": "auth.permission", "pk": 43, "fields": {"name": "Can delete wiki", "content_type": 11, "codename": "delete_wiki"}}, {"model": "auth.permission", "pk": 44, "fields": {"name": "Can view wiki", "content_type": 11, "codename": "view_wiki"}}, {"model": "auth.permission", "pk": 45, "fields": {"name": "Can add team", "content_type": 12, "codename": "add_team"}}, {"model": "auth.permission", "pk": 46, "fields": {"name": "Can change team", "content_type": 12, "codename": "change_team"}}, {"model": "auth.permission", "pk": 47, "fields": {"name": "Can delete team", "content_type": 12, "codename": "delete_team"}}, {"model": "auth.permission", "pk": 48, "fields": {"name": "Can view team", "content_type": 12, "codename": "view_team"}}, {"model": "auth.permission", "pk": 49, "fields": {"name": "Can add task", "content_type": 13, "codename": "add_task"}}, {"model": "auth.permission", "pk": 50, "fields": {"name": "Can change task", "content_type": 13, "codename": "change_task"}}, {"model": "auth.permission", "pk": 51, "fields": {"name": "Can delete task", "content_type": 13, "codename": "delete_task"}}, {"model": "auth.permission", "pk": 52, "fields": {"name": "Can view task", "content_type": 13, "codename": "view_task"}}, {"model": "auth.permission", "pk": 53, "fields": {"name": "Can add project", "content_type": 14, "codename": "add_project"}}, {"model": "auth.permission", "pk": 54, "fields": {"name": "Can change project", "content_type": 14, "codename": "change_project"}}, {"model": "auth.permission", "pk": 55, "fields": {"name": "Can delete project", "content_type": 14, "codename": "delete_project"}}, {"model": "auth.permission", "pk": 56, "fields": {"name": "Can view project", "content_type": 14, "codename": "view_project"}}, {"model": "auth.permission", "pk": 57, "fields": {"name": "Can add page", "content_type": 15, "codename": "add_page"}}, {"model": "auth.permission", "pk": 58, "fields": {"name": "Can change page", "content_type": 15, "codename": "change_page"}}, {"model": "auth.permission", "pk": 59, "fields": {"name": "Can delete page", "content_type": 15, "codename": "delete_page"}}, {"model": "auth.permission", "pk": 60, "fields": {"name": "Can view page", "content_type": 15, "codename": "view_page"}}, {"model": "auth.permission", "pk": 61, "fields": {"name": "Can add file", "content_type": 16, "codename": "add_file"}}, {"model": "auth.permission", "pk": 62, "fields": {"name": "Can change file", "content_type": 16, "codename": "change_file"}}, {"model": "auth.permission", "pk": 63, "fields": {"name": "Can delete file", "content_type": 16, "codename": "delete_file"}}, {"model": "auth.permission", "pk": 64, "fields": {"name": "Can view file", "content_type": 16, "codename": "view_file"}}, {"model": "auth.permission", "pk": 65, "fields": {"name": "Can add commit", "content_type": 17, "codename": "add_commit"}}, {"model": "auth.permission", "pk": 66, "fields": {"name": "Can change commit", "content_type": 17, "codename": "change_commit"}}, {"model": "auth.permission", "pk": 67, "fields": {"name": "Can delete commit", "content_type": 17, "codename": "delete_commit"}}, {"model": "auth.permission", "pk": 68, "fields": {"name": "Can view commit", "content_type": 17, "codename": "view_commit"}}, {"model": "auth.permission", "pk": 69, "fields": {"name": "Can add column", "content_type": 18, "codename": "add_column"}}, {"model": "auth.permission", "pk": 70, "fields": {"name": "Can change column", "content_type": 18, "codename": "change_column"}}, {"model": "auth.permission", "pk": 71, "fields": {"name": "Can delete column", "content_type": 18, "codename": "delete_column"}}, {"model": "auth.permission", "pk": 72, "fields": {"name": "Can view column", "content_type": 18, "codename": "view_column"}}, {"model": "auth.permission", "pk": 73, "fields": {"name": "Can add Token", "content_type": 19, "codename": "add_token"}}, {"model": "auth.permission", "pk": 74, "fields": {"name": "Can change Token", "content_type": 19, "codename": "change_token"}}, {"model": "auth.permission", "pk": 75, "fields": {"name": "Can delete Token", "content_type": 19, "codename": "delete_token"}}, {"model": "auth.permission", "pk": 76, "fields": {"name": "Can view Token", "content_type": 19, "codename": "view_token"}}, {"model": "auth.permission", "pk": 77, "fields": {"name": "Can add token", "content_type": 20, "codename": "add_tokenproxy"}}, {"model": "auth.permission", "pk": 78, "fields": {"name": "Can change token", "content_type": 20, "codename": "change_tokenproxy"}}, {"model": "auth.permission", "pk": 79, "fields": {"name": "Can delete token", "content_type": 20, "codename": "delete_tokenproxy"}}, {"model": "auth.permission", "pk": 80, "fields": {"name": "Can view token", "content_type": 20, "codename": "view_tokenproxy"}}, {"model": "contenttypes.contenttype", "pk": 1, "fields": {"app_label": "admin", "model": "logentry"}}, {"model": "contenttypes.contenttype", "pk": 2, "fields": {"app_label": "auth", "model": "permission"}}, {"model": "contenttypes.contenttype", "pk": 3, "fields": {"app_label": "auth", "model": "group"}}, {"model": "contenttypes.contenttype", "pk": 4, "fields": {"app_label": "contenttypes", "model": "contenttype"}}, {"model": "contenttypes.contenttype", "pk": 5, "fields": {"app_label": "sessions", "model": "session"}}, {"model": "contenttypes.contenttype", "pk": 6, "fields": {"app_label": "fakehub_app", "model": "user"}}, {"model": "contenttypes.contenttype", "pk": 7, "fields": {"app_label": "fakehub_app", "model": "branch"}}, {"model": "contenttypes.contenttype", "pk": 8, "fields": {"app_label": "fakehub_app", "model": "label"}}, {"model": "contenttypes.contenttype", "pk": 9, "fields": {"app_label": "fakehub_app", "model": "milestone"}}, {"model": "contenttypes.contenttype", "pk": 10, "fields": {"app_label": "fakehub_app", "model": "repository"}}, {"model": "contenttypes.contenttype", "pk": 11, "fields": {"app_label": "fakehub_app", "model": "wiki"}}, {"model": "contenttypes.contenttype", "pk": 12, "fields": {"app_label": "fakehub_app", "model": "team"}}, {"model": "contenttypes.contenttype", "pk": 13, "fields": {"app_label": "fakehub_app", "model": "task"}}, {"model": "contenttypes.contenttype", "pk": 14, "fields": {"app_label": "fakehub_app", "model": "project"}}, {"model": "contenttypes.contenttype", "pk": 15, "fields": {"app_label": "fakehub_app", "model": "page"}}, {"model": "contenttypes.contenttype", "pk": 16, "fields": {"app_label": "fakehub_app", "model": "file"}}, {"model": "contenttypes.contenttype", "pk": 17, "fields": {"app_label": "fakehub_app", "model": "commit"}}, {"model": "contenttypes.contenttype", "pk": 18, "fields": {"app_label": "fakehub_app", "model": "column"}}, {"model": "contenttypes.contenttype", "pk": 19, "fields": {"app_label": "authtoken", "model": "token"}}, {"model": "contenttypes.contenttype", "pk": 20, "fields": {"app_label": "authtoken", "model": "tokenproxy"}}, {"model": "sessions.session", "pk": "h7ytdqrn4t6a3pf4n6kxnk2ezujdbth3", "fields": {"session_data": ".eJxVjDsOwjAQBe_iGlm2s-sPJT1nsNY_HEC2FCcV4u4QKQW0b2bei3na1uq3kRc_J3Zmkp1-t0DxkdsO0p3arfPY27rMge8KP-jg157y83K4fweVRv3WkxPFGnRWK5MVFsiIKUQQCChNpAmtIgqIxqEzpLICPWkbihMgEwj2_gC2qTaX:1lBN1L:-lNLfr1Xz6QxqZfPb-5_Vi6tQVmdi7nR_qgVZtiy4M0", "expire_date": "2021-02-28T19:25:27.981Z"}}, {"model": "sessions.session", "pk": "x8r0ibhwr5vkijcqoaacexqxwzgpmv1h", "fields": {"session_data": ".eJxVjDsOwjAQBe_iGlm2s-sPJT1nsNY_HEC2FCcV4u4QKQW0b2bei3na1uq3kRc_J3Zmkp1-t0DxkdsO0p3arfPY27rMge8KP-jg157y83K4fweVRv3WkxPFGnRWK5MVFsiIKUQQCChNpAmtIgqIxqEzpLICPWkbihMgEwj2_gC2qTaX:1lCP14:WoHl0y0DccTnF2CgUwwdsfMknmyxZb5XDGAv8nBe-6Y", "expire_date": "2021-03-03T15:45:26.402Z"}}, {"model": "fakehub_app.user", "pk": 100, "fields": {"last_login": null, "is_superuser": true, "username": "TLazarevic", "first_name": "", "last_name": "", "is_staff": false, "is_active": true, "date_joined": "2021-02-20T03:24:17.114Z", "name": "Tamara", "last_name": "Lazarevic", "email": "tamara@email.com", "password": "pbkdf2_sha256$216000$R3Jk02iOxYqS$HlZFYMcToIF1lWFGxbL6SQOjxieeBny/gkzsQuQxYno=", "groups": [], "user_permissions": []}}, {"model": "fakehub_app.user", "pk": 200, "fields": {"last_login": null, "is_superuser": true, "username": "ivanabrkic", "first_name": "", "last_name": "", "is_staff": false, "is_active": true, "date_joined": "2021-02-20T03:24:17.114Z", "name": "Ivana", "last_name": "Brkic", "email": "ivana@email.com", "password": "pbkdf2_sha256$216000$R3Jk02iOxYqS$HlZFYMcToIF1lWFGxbL6SQOjxieeBny/gkzsQuQxYno=", "groups": [], "user_permissions": []}}, {"model": "fakehub_app.user", "pk": 300, "fields": {"last_login": null, "is_superuser": true, "username": "IgorMales98", "first_name": "", "last_name": "", "is_staff": false, "is_active": true, "date_joined": "2021-02-20T03:24:17.114Z", "name": "Igor", "last_name": "Malesevic", "email": "ifor@email.com", "password": "pbkdf2_sha256$216000$R3Jk02iOxYqS$HlZFYMcToIF1lWFGxbL6SQOjxieeBny/gkzsQuQxYno=", "groups": [], "user_permissions": []}}, {"model": "fakehub_app.team", "pk": 1, "fields": {"name": "joooooooj", "owner": 200, "members": [200, 100, 300]}}, {"model": "fakehub_app.repository", "pk": 1, "fields": {"name": "fake-hub", "date_created": "2021-02-20T03:24:17.130Z", "owner": 200, "team": 1, "description": "The best repo ever", "collaborators": [200, 100, 300]}}, {"model": "fakehub_app.repository", "pk": 2, "fields": {"name": "fake-hub", "date_created": "2021-02-20T03:26:52.768Z", "owner": 100, "team": null, "description": "This is a repo.", "collaborators": [100]}}, {"model": "fakehub_app.repository", "pk": 3, "fields": {"name": "RepoZIlla", "date_created": "2021-02-20T03:28:30.378Z", "owner": 100, "team": null, "description": "This is a yet another repo example.", "collaborators": [100]}}, {"model": "fakehub_app.repository", "pk": 4, "fields": {"name": "Another-repo", "date_created": "2021-02-20T03:29:15.642Z", "owner": 100, "team": null, "description": "Yet another repo", "collaborators": [100]}}, {"model": "fakehub_app.repository", "pk": 5, "fields": {"name": "just-a-repo", "date_created": "2021-02-20T03:29:43.395Z", "owner": 100, "team": null, "description": "as the name says.", "collaborators": [100]}}, {"model": "fakehub_app.project", "pk": 27, "fields": {"name": "its-a-project", "description": "Project for projecting", "repository": 2, "status": "Open"}}, {"model": "fakehub_app.project", "pk": 29, "fields": {"name": "Project2", "description": "yes", "repository": 2, "status": "Open"}}, {"model": "fakehub_app.project", "pk": 30, "fields": {"name": "rule-the-world", "description": "yes", "repository": 2, "status": "Open"}}, {"model": "fakehub_app.project", "pk": 32, "fields": {"name": "build-a-hub", "description": "Its a description", "repository": 1, "status": "Open"}}, {"model": "fakehub_app.branch", "pk": 1, "fields": {"name": "main", "author": null, "repository": 1, "status": "Open"}}, {"model": "fakehub_app.commit", "pk": 1, "fields": {"description": "Initial commit", "code": "cfea42782b65d9bff50179c2e01611c1ae78de01", "committed_at": "2021-01-17T19:01:07Z", "tag": " ", "branch": 1, "author": 200}}, {"model": "fakehub_app.commit", "pk": 2, "fields": {"description": "first model sucessfully implemented", "code": "b2acc279fe0cc1db0bb9ca9e26e627f497c8501f", "committed_at": "2021-01-26T14:16:19Z", "tag": " ", "branch": 1, "author": 100}}, {"model": "fakehub_app.commit", "pk": 3, "fields": {"description": "more models implemented", "code": "877057974f97472f26fd021d33924d8bc99531d7", "committed_at": "2021-01-26T15:21:48Z", "tag": " ", "branch": 1, "author": 100}}, {"model": "fakehub_app.commit", "pk": 4, "fields": {"description": "models finished", "code": "cdbdca962a04ef50d7b7728f4177cd501160986f", "committed_at": "2021-01-31T21:06:02Z", "tag": " ", "branch": 1, "author": 100}}, {"model": "fakehub_app.commit", "pk": 5, "fields": {"description": "Rearranged folders", "code": "fc35fd95c1025291ae1e362762169fc8316a7aab", "committed_at": "2021-02-03T00:01:28Z", "tag": " ", "branch": 1, "author": 200}}, {"model": "fakehub_app.commit", "pk": 6, "fields": {"description": "Initialized React app", "code": "f3027c75d20cad860b4b4d2d1b308b772aa2ca6b", "committed_at": "2021-02-03T00:09:58Z", "tag": " ", "branch": 1, "author": 200}}, {"model": "fakehub_app.commit", "pk": 7, "fields": {"description": "Excluded .idea and .eslintcache", "code": "291540ba9f4a11bcda45d54b888eff84725c0695", "committed_at": "2021-02-03T00:13:26Z", "tag": " ", "branch": 1, "author": 200}}, {"model": "fakehub_app.commit", "pk": 8, "fields": {"description": "Deleted .idea folder", "code": "20f00a96844e1fc11e02373de2d0b3cf92a6db86", "committed_at": "2021-02-03T00:14:41Z", "tag": " ", "branch": 1, "author": 200}}, {"model": "fakehub_app.commit", "pk": 9, "fields": {"description": "repository related crud operations done", "code": "39d84f0fbbb3cf68a8e51a2271bbfdc4942effd2", "committed_at": "2021-02-03T00:27:12Z", "tag": " ", "branch": 1, "author": 100}}, {"model": "fakehub_app.commit", "pk": 10, "fields": {"description": "conflict resolution", "code": "76491ca07d735b3f28ca43e17214860076e2933f", "committed_at": "2021-02-03T00:55:05Z", "tag": " ", "branch": 1, "author": 100}}, {"model": "fakehub_app.commit", "pk": 11, "fields": {"description": "gitignore updated", "code": "34020d4eb9f2f88b0655684310f5ca17ef29f588", "committed_at": "2021-02-03T00:57:10Z", "tag": " ", "branch": 1, "author": 100}}, {"model": "fakehub_app.commit", "pk": 12, "fields": {"description": "conflict resolution", "code": "48a8db7858f87f196e9d98cc9b77be147c681a61", "committed_at": "2021-02-03T01:02:47Z", "tag": " ", "branch": 1, "author": 100}}, {"model": "fakehub_app.commit", "pk": 13, "fields": {"description": "Merge branch 'feature/repository_crud' of https://github.com/joooooooj/fake-hub into feature/label_milestone_crud", "code": "eb63fa24131504860d80fed55b3355436f771ea2", "committed_at": "2021-02-04T19:03:23Z", "tag": " ", "branch": 1, "author": 100}}, {"model": "fakehub_app.commit", "pk": 14, "fields": {"description": "created label crud", "code": "f340105f3fa11def4ccaae649a7bcdb66a43747b", "committed_at": "2021-02-04T20:54:49Z", "tag": " ", "branch": 1, "author": 100}}, {"model": "fakehub_app.commit", "pk": 15, "fields": {"description": "finished label milestone crud", "code": "766f53f6ec3df9e771283040645d6a93fa63b7dc", "committed_at": "2021-02-04T23:38:37Z", "tag": " ", "branch": 1, "author": 100}}, {"model": "fakehub_app.commit", "pk": 16, "fields": {"description": "conflict resolution", "code": "d82da6d0c467adc10f3eb419c198db719d4afade", "committed_at": "2021-02-11T22:45:16Z", "tag": " ", "branch": 1, "author": 100}}, {"model": "fakehub_app.commit", "pk": 17, "fields": {"description": "conflict resolution", "code": "64a14e7258fa166ba3f872a5b92b7dedce056046", "committed_at": "2021-02-11T22:46:42Z", "tag": " ", "branch": 1, "author": 100}}, {"model": "fakehub_app.commit", "pk": 18, "fields": {"description": "gitignore", "code": "97c7b1f4904ceeaa0798add89c3618fa950dbcf0", "committed_at": "2021-02-11T23:19:48Z", "tag": " ", "branch": 1, "author": 100}}, {"model": "fakehub_app.commit", "pk": 19, "fields": {"description": "Merge branch 'dev' of https://github.com/joooooooj/fake-hub into feature/label_milestone_crud", "code": "a1883f9410f99207ad3ebb243a12785119eb4c27", "committed_at": "2021-02-11T23:28:24Z", "tag": " ", "branch": 1, "author": 100}}, {"model": "fakehub_app.commit", "pk": 20, "fields": {"description": "conflict resolution", "code": "407ff8eb24230b04cdb499968809c1a2f2b0013d", "committed_at": "2021-02-11T23:30:14Z", "tag": " ", "branch": 1, "author": 100}}, {"model": "fakehub_app.commit", "pk": 21, "fields": {"description": "Added docker-compose and travis config", "code": "f159bf3c14fcc8f26524a961d832470908de69e5", "committed_at": "2021-02-12T01:01:42Z", "tag": " ", "branch": 1, "author": 200}}, {"model": "fakehub_app.commit", "pk": 22, "fields": {"description": "Solved conflicts", "code": "1fa10d3279ae9e49241c923e547b1a9366cbab77", "committed_at": "2021-02-12T01:11:28Z", "tag": " ", "branch": 1, "author": 200}}, {"model": "fakehub_app.commit", "pk": 23, "fields": {"description": "branch crud done", "code": "7755f584013202f4b5aa9833bde9424029bd05c5", "committed_at": "2021-02-12T01:15:30Z", "tag": " ", "branch": 1, "author": 100}}, {"model": "fakehub_app.commit", "pk": 24, "fields": {"description": "Added", "code": "d2d365c10e44b9558bbb986ae753819517b6d4a8", "committed_at": "2021-02-12T01:24:42Z", "tag": " ", "branch": 1, "author": 200}}, {"model": "fakehub_app.commit", "pk": 25, "fields": {"description": "all", "code": "205d862f30f8a77581a9ac6d02b703047e53bc82", "committed_at": "2021-02-12T01:33:06Z", "tag": " ", "branch": 1, "author": 200}}, {"model": "fakehub_app.commit", "pk": 26, "fields": {"description": "Changed travis config", "code": "7c601c5d6b2d3a30078727160dab874ae1f08be6", "committed_at": "2021-02-12T01:37:10Z", "tag": " ", "branch": 1, "author": 200}}, {"model": "fakehub_app.commit", "pk": 27, "fields": {"description": "Removed tests", "code": "73dca6e5ab69d5e8461cfdcb8a4a104bf4400b41", "committed_at": "2021-02-12T01:43:54Z", "tag": " ", "branch": 1, "author": 200}}, {"model": "fakehub_app.commit", "pk": 28, "fields": {"description": "Changed travis config", "code": "2762f70c3027089c87f757980f717f83a691a79c", "committed_at": "2021-02-12T01:51:12Z", "tag": " ", "branch": 1, "author": 200}}, {"model": "fakehub_app.commit", "pk": 29, "fields": {"description": "Changed travis config", "code": "8d3f082e62031ee642e7ada0a3811a7e0d049d0f", "committed_at": "2021-02-12T02:01:05Z", "tag": " ", "branch": 1, "author": 200}}, {"model": "fakehub_app.commit", "pk": 30, "fields": {"description": "Chaned travis config", "code": "e39466f877ccc69b49275af7f9da7a7e796ba504", "committed_at": "2021-02-12T02:18:32Z", "tag": " ", "branch": 1, "author": 200}}, {"model": "fakehub_app.commit", "pk": 31, "fields": {"description": "versioning crud finished", "code": "b3130c45c901b1ab9c26c4f92d33fae8ee1fa90a", "committed_at": "2021-02-12T02:23:40Z", "tag": " ", "branch": 1, "author": 100}}, {"model": "fakehub_app.commit", "pk": 32, "fields": {"description": "Connected with PostgreSQL", "code": "e4bd8e7a58aa010662ba5d0627a7fb50ad717b85", "committed_at": "2021-02-14T01:42:22Z", "tag": " ", "branch": 1, "author": 200}}, {"model": "fakehub_app.commit", "pk": 33, "fields": {"description": "Conflicts??", "code": "400b883edd42a7c4506a08a0482789637b2d6bdf", "committed_at": "2021-02-14T01:56:55Z", "tag": " ", "branch": 1, "author": 200}}, {"model": "fakehub_app.commit", "pk": 34, "fields": {"description": "Small changes", "code": "34d3ec04d4451bdf7b5c491934cf5ca415d54160", "committed_at": "2021-02-14T16:18:23Z", "tag": " ", "branch": 1, "author": 200}}, {"model": "fakehub_app.commit", "pk": 35, "fields": {"description": "Merge branch 'feature/docker-travis-heroku' of https://github.com/joooooooj/fake-hub into feature/docker-travis-heroku", "code": "92c796d0010c90f891a96bd0cdb8b608994dae23", "committed_at": "2021-02-14T16:18:41Z", "tag": " ", "branch": 1, "author": 200}}, {"model": "fakehub_app.commit", "pk": 36, "fields": {"description": "Sth", "code": "a348ccbc35fc24432fab04b35b1304e7bc98aff6", "committed_at": "2021-02-14T16:56:37Z", "tag": " ", "branch": 1, "author": 200}}, {"model": "fakehub_app.commit", "pk": 37, "fields": {"description": "Created command for creating superuser", "code": "4a19fda1c18959c323f8214360851c4ad070930f", "committed_at": "2021-02-14T17:36:55Z", "tag": " ", "branch": 1, "author": 200}}, {"model": "fakehub_app.commit", "pk": 38, "fields": {"description": "Docker integration with postgre successgit add .", "code": "978c98b00b9dceea173d0ba7d0802fa5b00dddea", "committed_at": "2021-02-14T20:38:55Z", "tag": " ", "branch": 1, "author": 200}}, {"model": "fakehub_app.commit", "pk": 39, "fields": {"description": "parsing git file almost perfectly done", "code": "5edef67fb2943499df84cd5fcd2ce4152a3ec992", "committed_at": "2021-02-14T22:11:38Z", "tag": " ", "branch": 1, "author": 100}}, {"model": "fakehub_app.commit", "pk": 40, "fields": {"description": "Make it better", "code": "4aaf0f452fb091d379da4bb20a64b6327f3495a8", "committed_at": "2021-02-15T15:27:14Z", "tag": " ", "branch": 1, "author": 200}}, {"model": "fakehub_app.commit", "pk": 41, "fields": {"description": "Nice", "code": "df9dca59c0f6b6ec4b3df958f97a42c16ff6a982", "committed_at": "2021-02-15T15:40:47Z", "tag": " ", "branch": 1, "author": 200}}, {"model": "fakehub_app.commit", "pk": 42, "fields": {"description": "final hope", "code": "eb3cca1c700a51444072ab5e1766daecbedd8981", "committed_at": "2021-02-15T15:42:19Z", "tag": " ", "branch": 1, "author": 200}}, {"model": "fakehub_app.commit", "pk": 43, "fields": {"description": "Some more updates", "code": "16a1a3dfaaed2496f6a72ecb118804547d251232", "committed_at": "2021-02-15T16:13:10Z", "tag": " ", "branch": 1, "author": 200}}, {"model": "fakehub_app.commit", "pk": 44, "fields": {"description": "Changed some cred", "code": "a55f5c2eade8834ff8ee0474d67767252894c494", "committed_at": "2021-02-15T16:17:14Z", "tag": " ", "branch": 1, "author": 200}}, {"model": "fakehub_app.commit", "pk": 45, "fields": {"description": "Changed lib version", "code": "674bbed9a0b58609a64bc315b4aaeaab2830768b", "committed_at": "2021-02-15T16:39:44Z", "tag": " ", "branch": 1, "author": 200}}, {"model": "fakehub_app.commit", "pk": 46, "fields": {"description": "Changing settings for new version of whitenoise", "code": "c015968656d0b605bac63e6b73903cfd8f56ec8a", "committed_at": "2021-02-15T16:48:44Z", "tag": " ", "branch": 1, "author": 200}}, {"model": "fakehub_app.commit", "pk": 47, "fields": {"description": "Changed lib version", "code": "b5807d728c361e94790f92a82295399cb587fd91", "committed_at": "2021-02-15T16:57:14Z", "tag": " ", "branch": 1, "author": 200}}, {"model": "fakehub_app.commit", "pk": 48, "fields": {"description": "Changing settings for new version of whitenoise", "code": "5700616f5f4b92c18142239600148c6de660652d", "committed_at": "2021-02-15T17:06:59Z", "tag": " ", "branch": 1, "author": 200}}, {"model": "fakehub_app.commit", "pk": 49, "fields": {"description": "Changed db cred", "code": "1cdc6e362d90a0a55e4d84db077f93fa5a43cbff", "committed_at": "2021-02-15T17:11:21Z", "tag": " ", "branch": 1, "author": 200}}, {"model": "fakehub_app.commit", "pk": 50, "fields": {"description": "Changed lib versions", "code": "44094014ef4acca44e7d36f5a622d65b89084fa4", "committed_at": "2021-02-15T17:20:43Z", "tag": " ", "branch": 1, "author": 200}}, {"model": "fakehub_app.commit", "pk": 51, "fields": {"description": "Changed middleware", "code": "4316505c66b16b606e67d856dbdd6445ee90ad34", "committed_at": "2021-02-15T17:30:28Z", "tag": " ", "branch": 1, "author": 200}}, {"model": "fakehub_app.commit", "pk": 52, "fields": {"description": "Changed py v", "code": "327d8dd85ee7a15ab9a85c28104f8bc7ac92c945", "committed_at": "2021-02-15T17:40:50Z", "tag": " ", "branch": 1, "author": 200}}, {"model": "fakehub_app.commit", "pk": 53, "fields": {"description": "Changed path", "code": "61b47fe70fd876da9c65169e836d5ea83c2019bb", "committed_at": "2021-02-15T17:44:34Z", "tag": " ", "branch": 1, "author": 200}}, {"model": "fakehub_app.commit", "pk": 54, "fields": {"description": "Changed route", "code": "4656c23648a971d6c5a23536d99533beb0910994", "committed_at": "2021-02-15T18:32:41Z", "tag": " ", "branch": 1, "author": 200}}, {"model": "fakehub_app.commit", "pk": 55, "fields": {"description": "Changed py v", "code": "2a327337ae53da24d98ec49e7922b2673ddad344", "committed_at": "2021-02-15T18:40:22Z", "tag": " ", "branch": 1, "author": 200}}, {"model": "fakehub_app.commit", "pk": 56, "fields": {"description": "Changed front req", "code": "086d815db080260c192d70943b7495717ec4b4d9", "committed_at": "2021-02-15T18:46:54Z", "tag": " ", "branch": 1, "author": 200}}, {"model": "fakehub_app.commit", "pk": 57, "fields": {"description": "Changed code", "code": "fea0c65eb58d819319d927f3a4c4662bb46451aa", "committed_at": "2021-02-15T18:50:41Z", "tag": " ", "branch": 1, "author": 200}}, {"model": "fakehub_app.commit", "pk": 58, "fields": {"description": "Changed code", "code": "e9f75a300dcdc5866c46b4ab7dcbe7f362b24549", "committed_at": "2021-02-15T18:54:28Z", "tag": " ", "branch": 1, "author": 200}}, {"model": "fakehub_app.commit", "pk": 59, "fields": {"description": "Changed code", "code": "ae5cebae863853b3d787108820432919192ec028", "committed_at": "2021-02-15T18:59:02Z", "tag": " ", "branch": 1, "author": 200}}, {"model": "fakehub_app.commit", "pk": 60, "fields": {"description": "Changed front req", "code": "f9e5abc355fa29121977faf0fb58e0b42cf8685f", "committed_at": "2021-02-15T19:02:01Z", "tag": " ", "branch": 1, "author": 200}}, {"model": "fakehub_app.commit", "pk": 61, "fields": {"description": "Changed route", "code": "58a59833f5d937f8e5e4654aeb07c939c1d10caf", "committed_at": "2021-02-15T19:20:27Z", "tag": " ", "branch": 1, "author": 200}}, {"model": "fakehub_app.commit", "pk": 62, "fields": {"description": "Changed py v", "code": "20a96b0c3963a35da9cdd0dbe146d26ccb0a28b7", "committed_at": "2021-02-15T19:23:35Z", "tag": " ", "branch": 1, "author": 200}}, {"model": "fakehub_app.commit", "pk": 63, "fields": {"description": "Changed middleware", "code": "14728c6b4c0aa27ebae78310c9866a489b18b260", "committed_at": "2021-02-15T19:26:22Z", "tag": " ", "branch": 1, "author": 200}}, {"model": "fakehub_app.commit", "pk": 64, "fields": {"description": "Changed lib versions", "code": "48570b53fbfd931c15b4c6a40a0a0101138e8688", "committed_at": "2021-02-15T19:27:19Z", "tag": " ", "branch": 1, "author": 200}}, {"model": "fakehub_app.commit", "pk": 65, "fields": {"description": "Changed routes", "code": "3edc4d67caa69de6d201b7098c74e82fd598d40b", "committed_at": "2021-02-15T19:33:05Z", "tag": " ", "branch": 1, "author": 200}}, {"model": "fakehub_app.commit", "pk": 66, "fields": {"description": "Changed middleware", "code": "0c8b77c259e10b8c64a05947ca44f8a2be8d777f", "committed_at": "2021-02-15T19:48:39Z", "tag": " ", "branch": 1, "author": 200}}, {"model": "fakehub_app.commit", "pk": 67, "fields": {"description": "Changed route", "code": "0d1a2ad34d1e7bae0326db48f1a9778819af9288", "committed_at": "2021-02-15T19:52:13Z", "tag": " ", "branch": 1, "author": 200}}, {"model": "fakehub_app.commit", "pk": 68, "fields": {"description": "Changed code", "code": "7d5126ed1490c9427492ca44519bc1dcf71ecd5f", "committed_at": "2021-02-15T19:55:16Z", "tag": " ", "branch": 1, "author": 200}}, {"model": "fakehub_app.commit", "pk": 69, "fields": {"description": "Changed code", "code": "458a0fe0e8c8628653ab391d0416cffa4c049cf2", "committed_at": "2021-02-15T19:59:30Z", "tag": " ", "branch": 1, "author": 200}}, {"model": "fakehub_app.commit", "pk": 70, "fields": {"description": "Updated package.json", "code": "f09fe3cc5073b09949b4309ec347009b7b42be1f", "committed_at": "2021-02-15T20:29:26Z", "tag": " ", "branch": 1, "author": 200}}, {"model": "fakehub_app.commit", "pk": 71, "fields": {"description": "Moved to deploy folder", "code": "b03d797edd15fb86eddfb9ef571f0f52305b8425", "committed_at": "2021-02-15T20:53:32Z", "tag": " ", "branch": 1, "author": 200}}, {"model": "fakehub_app.commit", "pk": 72, "fields": {"description": "Added old files for docker", "code": "4539ac07992ea0c605ba439127094c81e574839e", "committed_at": "2021-02-15T20:59:09Z", "tag": " ", "branch": 1, "author": 200}}, {"model": "fakehub_app.commit", "pk": 73, "fields": {"description": "Added home, login and register pages. Updated migrations.", "code": "8e1aadf05d2b17ff7f73c6bf3433f827ff279f63", "committed_at": "2021-02-16T00:17:58Z", "tag": " ", "branch": 1, "author": 200}}, {"model": "fakehub_app.commit", "pk": 74, "fields": {"description": "Added all components for frontend, some of them implemented.", "code": "f5cebcc104d094246cf0e06d90c6566df34bb559", "committed_at": "2021-02-16T03:47:30Z", "tag": " ", "branch": 1, "author": 200}}, {"model": "fakehub_app.commit", "pk": 75, "fields": {"description": "Fixed conflicts", "code": "5f2b124ef2c4f2dafbf101833abbdd651e10ddaf", "committed_at": "2021-02-16T03:50:53Z", "tag": " ", "branch": 1, "author": 200}}, {"model": "fakehub_app.commit", "pk": 76, "fields": {"description": "Hello", "code": "a151e2fa430823294f8ee4a40e80eb810936688d", "committed_at": "2021-02-16T11:43:41Z", "tag": " ", "branch": 1, "author": 200}}, {"model": "fakehub_app.commit", "pk": 77, "fields": {"description": "Changed auth response", "code": "53c5f2f8de239549936cb72fdb7a17d23f8e63a5", "committed_at": "2021-02-16T12:02:16Z", "tag": " ", "branch": 1, "author": 200}}, {"model": "fakehub_app.commit", "pk": 78, "fields": {"description": "Doing my best - added proxy", "code": "fc6a1bfdbb3591217e3a405d114ff161029a97ea", "committed_at": "2021-02-16T17:14:47Z", "tag": " ", "branch": 1, "author": 200}}, {"model": "fakehub_app.commit", "pk": 79, "fields": {"description": "Go go power rangers", "code": "7ecac2f6bf5845b6ac5ac7688119a7e92945ec9a", "committed_at": "2021-02-16T17:30:52Z", "tag": " ", "branch": 1, "author": 200}}, {"model": "fakehub_app.commit", "pk": 80, "fields": {"description": "Let me see that build", "code": "2d67f6dd9952be92e4561e72982d1d88325f8690", "committed_at": "2021-02-16T17:34:40Z", "tag": " ", "branch": 1, "author": 200}}, {"model": "fakehub_app.commit", "pk": 81, "fields": {"description": "Doing the impossible", "code": "9c356d3c5f5df23cf1ce4de15669d551a4110e7d", "committed_at": "2021-02-16T17:40:45Z", "tag": " ", "branch": 1, "author": 200}}, {"model": "fakehub_app.commit", "pk": 82, "fields": {"description": "Deploy - yes / no?", "code": "3d2b321caa58f558306d853f6d218c7d92869eb6", "committed_at": "2021-02-16T17:49:10Z", "tag": " ", "branch": 1, "author": 200}}, {"model": "fakehub_app.commit", "pk": 83, "fields": {"description": "DEPLOY FROM ALL BRANCHES ENGAGEgit add .!", "code": "147b05ecc233246e040766df7479102c238896f2", "committed_at": "2021-02-16T17:56:07Z", "tag": " ", "branch": 1, "author": 200}}, {"model": "fakehub_app.commit", "pk": 84, "fields": {"description": "Okay trying to comprehend what is happening :O", "code": "0a009066687ed9f8ec6ba4649c40da58ee08059e", "committed_at": "2021-02-16T18:02:29Z", "tag": " ", "branch": 1, "author": 200}}, {"model": "fakehub_app.commit", "pk": 85, "fields": {"description": "Travis has git??", "code": "bbb2ad98f86fcc8d00ffda567c37823eeacbfcf7", "committed_at": "2021-02-16T18:06:34Z", "tag": " ", "branch": 1, "author": 200}}, {"model": "fakehub_app.commit", "pk": 86, "fields": {"description": "Prepared for deploy", "code": "5e54b33de8c910357b7c1855a0aa10b8bc24b4e4", "committed_at": "2021-02-16T18:08:25Z", "tag": " ", "branch": 1, "author": 200}}, {"model": "fakehub_app.commit", "pk": 87, "fields": {"description": "This may actually work", "code": "6d7c5eb72c1244bea8f7f6f5f860e044c042dc76", "committed_at": "2021-02-16T18:19:57Z", "tag": " ", "branch": 1, "author": 200}}, {"model": "fakehub_app.commit", "pk": 88, "fields": {"description": "Failed at copying file...", "code": "8f925996fce1c62c9f34c2dcd8f98f4ebeb80bd0", "committed_at": "2021-02-16T18:22:33Z", "tag": " ", "branch": 1, "author": 200}}, {"model": "fakehub_app.commit", "pk": 89, "fields": {"description": "Forgot to add database cred", "code": "758673f37e5c6f45c55ed9d1e8948f7a63078d7b", "committed_at": "2021-02-16T18:32:09Z", "tag": " ", "branch": 1, "author": 200}}, {"model": "fakehub_app.commit", "pk": 90, "fields": {"description": "Testing images", "code": "78e2d52fe34a7907bf4369fe10962506b934473c", "committed_at": "2021-02-16T21:20:56Z", "tag": " ", "branch": 1, "author": 200}}, {"model": "fakehub_app.commit", "pk": 91, "fields": {"description": "Added regex route", "code": "0a0a5f711278d7a1c583f9e11c0d736705041890", "committed_at": "2021-02-16T21:41:22Z", "tag": " ", "branch": 1, "author": 200}}, {"model": "fakehub_app.commit", "pk": 92, "fields": {"description": "Added routes frontend prefix", "code": "a588e3350660c8ed5f7c2f509f8935cfb9e37427", "committed_at": "2021-02-16T21:46:04Z", "tag": " ", "branch": 1, "author": 200}}, {"model": "fakehub_app.commit", "pk": 93, "fields": {"description": "Add ...", "code": "dba341e067f6d37fd4d110ac0b158602617b07b0", "committed_at": "2021-02-16T21:54:57Z", "tag": " ", "branch": 1, "author": 200}}, {"model": "fakehub_app.commit", "pk": 94, "fields": {"description": "Final I guess", "code": "b955b8d4333ca4708acb1cfdf4797abf193a65bd", "committed_at": "2021-02-16T22:09:19Z", "tag": " ", "branch": 1, "author": 200}}, {"model": "fakehub_app.commit", "pk": 95, "fields": {"description": "Still not", "code": "2c1aaf2e810f52a9e0a58973a8456c379896f781", "committed_at": "2021-02-16T22:11:29Z", "tag": " ", "branch": 1, "author": 200}}, {"model": "fakehub_app.commit", "pk": 96, "fields": {"description": "Hi", "code": "76db4ddb9386064186b7081439c013321b9673d8", "committed_at": "2021-02-16T22:13:27Z", "tag": " ", "branch": 1, "author": 200}}, {"model": "fakehub_app.commit", "pk": 97, "fields": {"description": "Solved conflicts", "code": "732679536c4cf5bb0d978848c857647964992e1e", "committed_at": "2021-02-16T22:14:14Z", "tag": " ", "branch": 1, "author": 200}}, {"model": "fakehub_app.commit", "pk": 98, "fields": {"description": "Hmmm...", "code": "a244f664a2335230f922e1a9ceaf4dadcfc2b9a5", "committed_at": "2021-02-16T22:17:28Z", "tag": " ", "branch": 1, "author": 200}}, {"model": "fakehub_app.commit", "pk": 99, "fields": {"description": "The cat is guilty...", "code": "57f3a97d77170a430b3faf2e4f33e8720bce57e7", "committed_at": "2021-02-16T22:18:49Z", "tag": " ", "branch": 1, "author": 200}}, {"model": "fakehub_app.commit", "pk": 100, "fields": {"description": "Final", "code": "7e8bd91bd6bd7fdc0e5e978ad2350c79cc2a2223", "committed_at": "2021-02-16T22:24:12Z", "tag": " ", "branch": 1, "author": 200}}, {"model": "fakehub_app.commit", "pk": 101, "fields": {"description": "Just want to trigger build", "code": "44f9ba45e5cad0a1b7bc1a2e0e05fe9dc4944b79", "committed_at": "2021-02-16T22:32:19Z", "tag": " ", "branch": 1, "author": 200}}, {"model": "fakehub_app.commit", "pk": 102, "fields": {"description": "Deleted pycache", "code": "4e548bd6b9e5a9cb2b949de229bc8fdc8c4b50f7", "committed_at": "2021-02-16T22:39:34Z", "tag": " ", "branch": 1, "author": 200}}, {"model": "fakehub_app.commit", "pk": 103, "fields": {"description": "Deleted pycache", "code": "a1a6fb8c51528c400e04dfc640f8d82a4c29813f", "committed_at": "2021-02-16T22:40:17Z", "tag": " ", "branch": 1, "author": 200}}, {"model": "fakehub_app.commit", "pk": 104, "fields": {"description": "Trigger build", "code": "478ace8544db11d287ce64a35ff717204a1f4764", "committed_at": "2021-02-16T22:47:41Z", "tag": " ", "branch": 1, "author": 200}}, {"model": "fakehub_app.page", "pk": 1, "fields": {"title": "Page about stuff", "content": "Page content", "repository": 1}}, {"model": "fakehub_app.page", "pk": 2, "fields": {"title": "Our project", "content": "Is kinda okayish", "repository": 1}}, {"model": "fakehub_app.label", "pk": 1, "fields": {"name": "enchancement", "description": "This label is used for enchancements.", "color": "#006B75", "repository": 2}}, {"model": "fakehub_app.label", "pk": 2, "fields": {"name": "bug", "description": "Used for bugs", "color": "#B60205", "repository": 2}}, {"model": "fakehub_app.label", "pk": 3, "fields": {"name": "good-first-issue", "description": "used for newbies", "color": "#FBCA04", "repository": 2}}, {"model": "fakehub_app.label", "pk": 4, "fields": {"name": "pink", "description": "Its pretty.", "color": "#E99695", "repository": 2}}, {"model": "fakehub_app.label", "pk": 5, "fields": {"name": "cool-label", "description": "cool label", "color": "#006B75", "repository": 1}}, {"model": "fakehub_app.label", "pk": 6, "fields": {"name": "danger", "description": "dangerous", "color": "#B60205", "repository": 1}}, {"model": "fakehub_app.label", "pk": 7, "fields": {"name": "soft", "description": "soft", "color": "#E99695", "repository": 1}}, {"model": "fakehub_app.label", "pk": 8, "fields": {"name": "bug", "description": "description", "color": "#D93F0B", "repository": 1}}, {"model": "fakehub_app.label", "pk": 9, "fields": {"name": "good first issue", "description": "for newcomers", "color": "#FBCA04", "repository": 1}}, {"model": "fakehub_app.milestone", "pk": 1, "fields": {"title": "Name", "dueDate": "2021-02-22T00:00:00Z", "description": "Description", "status": "Open", "repository": 1, "labels": [5, 6]}}, {"model": "fakehub_app.milestone", "pk": 2, "fields": {"title": "Yes", "dueDate": "2021-02-21T00:00:00Z", "description": "Idk", "status": "Open", "repository": 1, "labels": [8]}}, {"model": "fakehub_app.column", "pk": 30, "fields": {"name": "Sprint Planning", "project": 27}}, {"model": "fakehub_app.column", "pk": 31, "fields": {"name": "To Do", "project": 27}}, {"model": "fakehub_app.column", "pk": 32, "fields": {"name": "In Progress", "project": 27}}, {"model": "fakehub_app.column", "pk": 34, "fields": {"name": "Yet another column", "project": 27}}, {"model": "fakehub_app.column", "pk": 35, "fields": {"name": "Its A Column Example", "project": 27}}, {"model": "fakehub_app.column", "pk": 37, "fields": {"name": "Planning", "project": 32}}, {"model": "fakehub_app.column", "pk": 38, "fields": {"name": "Doing", "project": 32}}, {"model": "fakehub_app.column", "pk": 39, "fields": {"name": "Testing", "project": 32}}, {"model": "fakehub_app.column", "pk": 40, "fields": {"name": "Yet another column", "project": 32}}, {"model": "fakehub_app.task", "pk": 7, "fields": {"title": "Ponder meaning of life", "created_at": "2021-02-20T03:36:34.517Z", "description": "Do as the title says", "status": "Open", "difficulty": 4, "closed_at": null, "due_date": "2021-03-13T00:00:00Z", "changes": "Issue created 2021-02-20 by TLazarevic#Issue updated 2021-02-20 by TLazarevic#", "milestone": null, "repository": 2, "column": 30, "owner": 100, "labels": [3, 4], "members": [100]}}, {"model": "fakehub_app.task", "pk": 8, "fields": {"title": "Plan", "created_at": "2021-02-20T03:52:08.219Z", "description": "Plan stuff", "status": "Open", "difficulty": 7, "closed_at": null, "due_date": null, "changes": "Issue created 2021-02-20 by TLazarevic#", "milestone": null, "repository": 2, "column": 32, "owner": 100, "labels": [1], "members": [100]}}, {"model": "fakehub_app.task", "pk": 9, "fields": {"title": "Ponder meaning of life", "created_at": "2021-02-20T04:10:12.086Z", "description": "As i said", "status": "Open", "difficulty": 4, "closed_at": null, "due_date": "2021-02-27T00:00:00Z", "changes": "Issue created 2021-02-20 by TLazarevic#", "milestone": null, "repository": 1, "column": 38, "owner": 100, "labels": [8, 9], "members": [200, 100, 300]}}, {"model": "fakehub_app.task", "pk": 10, "fields": {"title": "Discover", "created_at": "2021-02-20T04:10:54.114Z", "description": "Yes", "status": "Open", "difficulty": 6, "closed_at": null, "due_date": null, "changes": "Issue created 2021-02-20 by TLazarevic#Issue updated 2021-02-20 by TLazarevic#", "milestone": 1, "repository": 1, "column": 37, "owner": 100, "labels": [5], "members": [100]}}, {"model": "fakehub_app.file", "pk": 1, "fields": {"name": "pexels-oleg-magni-1005644.jpg", "task": 7, "page": null, "user": null}}, {"model": "fakehub_app.file", "pk": 2, "fields": {"name": "pexels-jot-2179483.jpg", "task": 8, "page": null, "user": null}}, {"model": "fakehub_app.file", "pk": 3, "fields": {"name": "pexels-oleg-magni-1005644_o9KeFHZ.jpg", "task": 9, "page": null, "user": null}}, {"model": "fakehub_app.file", "pk": 4, "fields": {"name": "25231.png", "task": 10, "page": null, "user": null}}, {"model": "fakehub_app.file", "pk": 5, "fields": {"name": "25231_kOkoijd.png", "task": null, "page": 2, "user": null}}, {"model": "authtoken.token", "pk": "e5df461000bb717a5e2b281c5ec74134fa7384de", "fields": {"user": 100, "created": "2021-02-20T03:19:20.661Z"}}]